study,year,n,log_or,se_log_or,or,lower,upper,outcome,lab
"Liu et al., 2020",2020,10913,0.10436001532424286,0.043575952120528054,1.11,1.02,1.21,Excessive EFW,HPLC-MS/MS
"Liu et al., 2020 (VitD+GDM)",2020,10913,0.3074846997479607,0.08741433848702401,1.36,1.15,1.62,Excessive EFW (VitD+GDM),HPLC-MS/MS
"Morales et al., 2015 (AC)",2015,2358,0.131028262406404,0.0688844737788419,1.14,1,1.31,AC < 10th centile,HPLC
"Morales et al., 2015 (EFW)",2015,2358,0.16551443847757333,0.07089946364959598,1.18,1.03,1.36,EFW < 10th centile,HPLC
